<?xml version="1.0" encoding="UTF-8"?>
<project-private xmlns="http://www.netbeans.org/ns/project-private/1">
    <editor-bookmarks xmlns="http://www.netbeans.org/ns/editor-bookmarks/2" lastBookmarkId="0"/>
    <open-files xmlns="http://www.netbeans.org/ns/projectui-open-files/2">
        <group>
            <file>file:/D:/BlackJackGame/Java/charlie_plugin/MyCharliePlugins/test/TestSuite.java</file>
            <file>file:/D:/BlackJackGame/Java/charlie_plugin/MyCharliePlugins/test/charlie/bs/section4/Test00_AA_6.java</file>
            <file>file:/D:/BlackJackGame/Java/charlie_plugin/MyCharliePlugins/test/charlie/bs/section1/Test00_12_3.java</file>
            <file>file:/D:/BlackJackGame/Java/charlie_plugin/MyCharliePlugins/src/charlie/client/BasicStrategy.java</file>
            <file>file:/D:/BlackJackGame/Java/charlie_plugin/MyCharliePlugins/test/charlie/bs/section4/Test00_22_7.java</file>
            <file>file:/D:/BlackJackGame/Java/charlie_plugin/MyCharliePlugins/test/charlie/bs/section4/Test00_66_7.java</file>
        </group>
    </open-files>
</project-private>
