<?xml version="1.0" encoding="UTF-8"?>
<project-private xmlns="http://www.netbeans.org/ns/project-private/1">
    <editor-bookmarks xmlns="http://www.netbeans.org/ns/editor-bookmarks/2" lastBookmarkId="0"/>
    <open-files xmlns="http://www.netbeans.org/ns/projectui-open-files/2">
        <group>
            <file>file:/E:/kevDev/ProjectWorks/BlackJackGame/Java/charlie_plugin/SideBet-MyCharliePlugins/src/charlie/sidebet/test/Shoe.java</file>
            <file>file:/E:/kevDev/ProjectWorks/BlackJackGame/Java/charlie_plugin/SideBet-MyCharliePlugins/test/TestSuite.java</file>
        </group>
    </open-files>
</project-private>
